General information,,time (s),O2 (%),DPT (Pa),CO (%),CO2 (%),PDM (-),PDC (-),Mass (g),Methane MFM (slpm),APT (kPa),HFM (kW/m2),Cold Trap TC (K),Stack TC (K),Smoke TC (K),Cone Heater TC (K),Spare TC (K),Soot MFM (g/s)

Test,,0,20.9504881,107.725913,0.0009658,0.04735622,1.002566,1.001009,5.483,-0.0021,0,0,-1,331.229,334.389,1041.483,0,0
Standard used,ASTM E 1354,1,20.94997019,107.858345,0.00077088,0.0473506,1.000743,1.000845,5.483,-0.0008,0,0,-1,331.3,334.384,1041.482,0,0
Date of test,22/11/2024,2,20.94945816,107.981396,0.000578,0.04734538,0.998913,1.000681,5.483,0.0005,0,0,-1,331.37,334.379,1041.481,0,0
Time of test,13:09:05,3,20.94947093,107.262013,0.00056907,0.04737517,0.996574,1.000555,5.483,0.0003,0,0,-1,331.356,334.456,1041.439,0,0
Heat flux (kW/m²),50,4,20.94934381,106.595254,0.00057672,0.04731635,1.001537,1.000501,5.483,-0.0013,0,0,-1,331.294,334.33,1041.472,0,0
Nominal duct flow rate (l/s),24,5,20.95039261,104.324502,0.00057011,0.04620168,1.001162,1.000583,5.483,-0.0022,0,0,-1,331.282,334.355,1041.485,0,0
Sampling interval (s),1,6,20.95148333,104.442394,0.00056993,0.04621951,1.002556,1.000719,5.483,-0.0003,0,0,-1,331.224,334.313,1041.484,0,0
Separation (mm),25,7,20.95154661,104.297362,0.00057767,0.04615405,1.000705,1.000686,5.483,0.0008,0,0,-1,331.28,334.298,1041.532,0,0
Orientation,Horizontal,8,20.95243545,110.63482,0.00057453,0.04624067,0.9953,1.000579,5.483,-0.0005,0,0,-1,331.215,334.312,1041.535,0,0
Edge frame?,No,9,20.95177025,107.288451,0.00057556,0.04623306,0.997989,1.000491,5.483,0,0,0,-1,331.232,334.266,1041.583,0,0
Grid?,No,10,20.95140454,102.240504,0.00057324,0.04623962,0.998677,1.000189,5.483,-0.0011,0,0,-1,331.271,334.362,1041.544,0,0
Non-scrubbed?,Yes,11,20.95174045,103.265238,0.00057677,0.04738427,1.00105,1.000319,5.483,0.001,0,0,-1,331.222,334.287,1041.578,0,0
Substrate used? {Y/N},No,12,20.9504528,100.510364,0.00068063,0.04731996,1.003279,1.000205,5.483,-0.0007,0,0,-1,331.258,334.286,1041.608,0,0
Substrate,none,13,20.95015047,107.976284,0.00057314,0.04738368,0.992876,1.00012,5.483,-0.0004,0,0,-1,331.155,334.236,1041.593,0,0
Additional specimen preparation details,Conditioned in dessicator. 70mm insulation backing. Al foil pan,14,20.95124942,108.30367,0.00057672,0.04724712,0.997692,1.000094,5.483,0.0011,0,0,-1,331.161,334.15,1041.633,0,0
,,15,20.95212264,106.865061,0.00068652,0.04731465,1.000275,1.000082,5.483,0.0016,0,0,-1,331.096,334.193,1041.613,0,0
Specimen,,16,20.95167746,104.34034,0.00068407,0.04727792,0.999962,1.000175,5.483,0.0009,0,0,-1,331.098,334.101,1041.643,0,0
Sample description,Douglas-Fir-Leaf6-FCD2024Hamins_q50_H_R2,17,20.95169546,104.133012,0.0005744,0.04736345,1.002223,1.00029,5.483,-0.0001,0,0,-1,331.176,334.203,1041.629,0,0
Material name/ID,Douglas-Fir-Leaf6,18,20.951632,106.89724,0.00057634,0.0473351,0.998748,1.000118,5.483,-0.0003,0,0,-1,331.112,334.16,1041.619,0,0
Specimen number,,19,20.95028996,108.047451,0.00068876,0.04734381,0.997265,1.000005,5.483,-0.001,0,0,-1,331.177,334.155,1041.61,0,0
E (MJ/kg),13.1,20,20.95029861,102.816104,0.0006853,0.04738206,1.000358,0.999901,5.483,-0.0011,0,0,-1,331.071,334.151,1041.558,0,0
Initial mass (g),5.2,21,20.95040652,108.837743,0.00068436,0.04733776,0.99997,0.999735,5.483,-0.0018,0,0,-1,331.111,334.094,1041.562,0,0
Thickness (mm),22,22,20.95153949,107.662045,0.00057372,0.04739607,1.004125,0.999748,5.483,-0.0013,0,0,-1,331.111,334.166,1041.53,0,0
Surface area (cm²),100,23,20.95152685,104.707367,0.0006841,0.04738024,1.000352,0.999645,5.483,0.0005,0,0,-1,331.099,334.125,1041.548,0,0
Sponsor,,24,20.95155282,106.003241,0.00068521,0.04734885,0.995098,0.999325,5.483,-0.0001,0,0,-1,331.171,334.193,1041.517,0,0
Manufacturer,,25,20.95018973,105.534402,0.00068465,0.04725272,0.998761,0.999297,5.483,-0.0004,0,0,-1,331.108,334.162,1041.501,0,0
Test start time (s),122,26,20.95019646,101.865904,0.00077209,0.04730245,0.996994,0.999351,5.483,-0.001,0,0,-1,331.148,334.151,1041.508,0,0
Time to ignition (s),4,27,20.95027253,102.382056,0.00076676,0.04731912,1.002455,0.9995,5.483,0.0026,0,0,-1,331.111,334.203,1041.496,0,0
Time to flameout (s),55,28,20.95169994,106.705898,0.00077076,0.04733979,1.00187,0.999509,5.483,0.001,0,0,-1,331.154,334.18,1041.531,0,0
End of test criterion,ASTM E 1354,29,20.95168451,107.782584,0.00077191,0.04736719,0.997666,0.9996,5.483,0.0014,0,0,-1,331.176,334.23,1041.511,0,0
User EOT time (s),,30,20.95061001,97.933301,0.00069135,0.04731374,0.998022,0.999487,5.483,0.0001,0,0,-1,331.124,334.155,1041.516,0,0
MLR EOT mass (g/m²),150,31,20.95033097,107.313229,0.00068463,0.04733654,0.996594,0.999285,5.483,-0.0013,0,0,-1,331.167,334.186,1041.542,0,0
MLR EOT time period (s),60,32,20.94916481,103.103657,0.0006829,0.04726387,0.999711,0.998938,5.483,-0.0012,0,0,-1,331.093,334.196,1041.514,0,0
Truncate graphs at EOT?,No,33,20.95014761,104.470313,0.00068624,0.04731711,1.001339,0.998761,5.483,0.0017,0,0,-1,331.153,334.16,1041.54,0,0
Smooth data?,No,34,20.95018332,102.681071,0.00068614,0.04733342,0.996595,0.999302,5.483,0.0005,0,0,-1,331.144,334.213,1041.475,0,0
Correct O2 for pressure?,No,35,20.9500311,110.436864,0.00068633,0.04735074,0.998023,0.999544,5.483,0.0005,0,0,-1,331.131,334.134,1041.524,0,0
,,36,20.94957521,101.490332,0.00057397,0.04733145,0.996181,0.999235,5.483,-0.0014,0,0,-1,331.175,334.196,1041.5,0,0
Specifications: apparatus,,37,20.94938027,107.310795,0.00057136,0.04735058,0.998087,0.999342,5.483,0.0004,0,0,-1,331.082,334.132,1041.498,0,0
C-factor (SI units),0.042904,38,20.94969688,110.310118,0.00068559,0.04731645,1.004956,0.999275,5.483,0.0009,0,0,-1,331.14,334.129,1041.432,0,0
OD correction factor,1,39,20.95030774,105.154271,0.00068762,0.04726285,1.000606,0.999478,5.483,0,0,0,-1,331.084,334.162,1041.461,0,0
Duct diameter (m),0.114,40,20.9492951,103.701552,0.00068614,0.04738651,0.999651,0.999444,5.483,-0.0008,0,0,-1,331.133,334.127,1041.524,0,0
O2 delay time (s),13,41,20.94933458,107.125533,0.00067928,0.04734536,0.999331,0.99884,5.483,0,0,0,-1,331.16,334.231,1041.585,0,0
CO2 delay time (s),13,42,20.94938816,105.562956,0.00057356,0.04737957,0.99772,0.998921,5.483,-0.0002,0,0,-1,331.142,334.166,1041.602,0,0
CO delay time (s),13,43,20.94999642,106.864867,0.00057571,0.04737742,1.003505,0.998988,5.483,0.0006,0,0,-1,331.189,334.213,1041.599,0,0
,,44,20.95179981,111.788609,0.00057215,0.04726006,1.002514,0.998876,5.483,-0.0002,0,0,-1,331.102,334.181,1041.607,0,0
Laboratory,,45,20.94947566,111.119835,0.000488,0.04738071,0.998833,0.999065,5.483,0.0016,0,0,-1,331.159,334.14,1041.698,0,0
Laboratory name,Cone Lab,46,20.95028258,99.868337,0.00057995,0.04617114,0.999671,0.999096,5.483,-0.0004,0,0,-1,331.136,334.199,1041.67,0,0
Operator,Ickchan Kim,47,20.95037216,105.693208,0.00057344,0.0462513,0.997528,0.999109,5.483,0.0001,0,0,-1,331.13,334.141,1041.67,0,0
Filename,C:\CC5\DATA\24110040.CSV,48,20.951896,107.876837,0.00057102,0.04732085,1.003528,0.999137,5.483,0.0018,0,0,-1,331.179,334.201,1041.667,0,0
Report name,FCD2024Hamins,49,20.94994289,106.434906,0.00068345,0.04738927,1.00121,0.999248,5.483,0.0033,0,0,-1,331.125,334.19,1041.604,0,0
,,50,20.95067292,105.031223,0.00057486,0.04730001,0.999911,0.999349,5.483,0.001,0,0,-1,331.232,334.257,1041.625,0,0
,,51,20.95151465,99.622906,0.00057158,0.04738708,1.000109,0.999248,5.483,0.0006,0,0,-1,331.167,334.266,1041.601,0,0
Pre-test conditions,,52,20.95165274,102.325214,0.00057391,0.04722865,0.996243,0.999257,5.483,-0.0002,0,0,-1,331.219,334.24,1041.595,0,0
Ambient temperature (°C),18.5,53,20.95177773,105.78994,0.00057486,0.04728505,0.999417,0.999426,5.483,-0.0001,0,0,-1,331.234,334.31,1041.558,0,0
Barometric pressure (Pa),98110,54,20.95130339,104.617778,0.00048954,0.04733407,1.003324,0.99951,5.483,-0.0008,0,0,-1,331.186,334.223,1041.568,0,0
Relative humidity (%),31.5,55,20.95146057,107.872351,0.00057525,0.04739331,1.001262,0.999757,5.483,0.0008,0,0,-1,331.238,334.303,1041.551,0,0
,,56,20.95196919,106.619676,0.00049088,0.04734088,1.000107,0.999734,5.483,0.0016,0,0,-1,331.156,334.277,1041.545,0,0
,,57,20.95020582,107.212363,0.00049295,0.04732876,0.994974,0.999875,5.483,0.0017,0,0,-1,331.226,334.239,1041.553,0,0
Conditioning,,58,20.95158163,106.102017,0.00049135,0.04732286,0.996427,0.999877,5.483,0.0001,0,0,-1,331.126,334.226,1041.538,0,0
Conditioned? {Y/N},No,59,20.95133041,105.505929,0.00048911,0.04723817,1.0012,0.999667,5.483,-0.0019,0,0,-1,331.122,334.133,1041.583,0,0
Conditioning temperature (°C),N/A,60,20.95162744,106.022672,0.00057502,0.04737933,0.998622,0.999653,5.483,0.0006,0,0,-1,331.126,334.212,1041.574,0,0
Conditioning RH (%),N/A,61,20.95252384,104.592761,0.00057588,0.04738152,1.002172,0.999405,5.483,0.0002,0,0,-1,331.09,334.156,1041.567,0,0
,,62,20.95238482,106.320106,0.00057468,0.04732052,0.997157,0.998985,5.483,0.0002,0,0,-1,331.157,334.196,1041.551,0,0
Data collected,,63,20.95201768,103.744634,0.00057344,0.04734943,0.996454,0.999232,5.483,0.0002,0,0,-1,331.09,334.201,1041.542,0,0
CO/CO2 data collected?,Yes,64,20.9513581,108.615788,0.00057274,0.04738481,0.999494,0.999304,5.483,-0.0016,0,0,-1,331.15,334.179,1041.571,0,0
Mass data collected?,Yes (2 dp),65,20.95154994,106.335593,0.00057405,0.04726718,0.998479,0.999657,5.483,-0.0007,0,0,-1,331.136,334.231,1041.537,0,0
Smoke data collected?,Yes,66,20.95175098,110.123444,0.00057445,0.0473028,1.000726,1.000078,5.483,0.0026,0,0,-1,331.095,334.128,1041.575,0,0
Soot mass data collected?,No,67,20.95153461,106.499446,0.00057406,0.04728332,0.998939,1.000144,5.483,-0.0026,0,0,-1,331.119,334.192,1041.568,0,0
Soot mass ratio (1:x),N/A,68,20.95156555,105.107971,0.00068678,0.04724328,0.996031,0.999637,5.483,0,0,0,-1,331.027,334.084,1041.59,0,0
Soot mass (g),N/A,69,20.95217068,108.767202,0.00068371,0.04732049,0.999961,0.999569,5.483,0.002,0,0,-1,331.068,334.085,1041.626,0,0
,,70,20.95264476,105.818489,0.00068357,0.04734838,0.999868,0.9995,5.483,0.0003,0,0,-1,330.993,334.081,1041.645,0,0
Comments,,71,20.95266323,109.240537,0.00065057,0.04727982,1.001549,0.999738,5.483,0,0,0,-1,331.015,334.006,1041.658,0,0
Pre-test comments,,72,20.95236393,103.510362,0.0005732,0.04727569,1.001372,1.000081,5.483,-0.0007,0,0,-1,331.017,334.093,1041.636,0,0
After-test comments,,73,20.95258541,105.591812,0.00057632,0.04731642,0.996976,0.999912,5.483,-0.0011,0,0,-1,331.007,334.024,1041.624,0,0
,,74,20.95199077,111.017388,0.00057477,0.04735218,0.996908,0.999636,5.483,0.0009,0,0,-1,331.072,334.095,1041.603,0,0
,,75,20.95251018,106.92448,0.00056933,0.04736081,0.998908,0.999634,5.483,0.0003,0,0,-1,331.018,334.094,1041.594,0,0
,,76,20.95224659,103.243884,0.0005752,0.04729045,0.997465,0.999881,5.483,0.002,0,0,-1,331.105,334.1,1041.618,0,0
,,77,20.95137385,104.604053,0.00057536,0.04733686,0.998712,1.000015,5.483,0.0019,0,0,-1,331.056,334.154,1041.593,0,0
,,78,20.95208199,104.612483,0.00052959,0.04729714,0.996229,0.99995,5.483,0.0001,0,0,-1,331.084,334.099,1041.608,0,0
,,79,20.95227499,104.895137,0.00049073,0.0473991,0.993458,0.9998,5.483,0.0034,0,0,-1,331.112,334.176,1041.589,0,0
,,80,20.95161842,111.575126,0.00049278,0.04727239,0.995435,0.999676,5.483,-0.0018,0,0,-1,331.044,334.105,1041.604,0,0
,,81,20.95132267,107.272167,0.00049007,0.04728308,0.996683,0.999627,5.483,-0.0005,0,0,-1,331.086,334.104,1041.582,0,0
,,82,20.95230422,107.356407,0.00049118,0.04732203,1.003162,0.999563,5.483,-0.0005,0,0,-1,330.967,334.063,1041.552,0,0
,,83,20.95256015,102.562055,0.00049242,0.04732272,0.998883,0.999565,5.483,0.0015,0,0,-1,331.005,334.016,1041.567,0,0
,,84,20.95187072,110.084244,0.00049127,0.0473174,0.998356,0.999813,5.483,-0.0002,0,0,-1,330.981,334.064,1041.541,0,0
Events,,85,20.95222074,104.887292,0.00049098,0.04724054,0.998151,0.999859,5.483,0.0016,0,0,-1,330.95,333.972,1041.552,0,0
Number of events,0,86,20.95204243,105.547542,0.00048975,0.04631251,0.995093,0.999886,5.483,0.0022,0,0,-1,331.007,334.032,1041.536,0,0
,,87,20.95232454,106.856942,0.00049219,0.04621863,1.001027,1.000056,5.483,0.0012,0,0,-1,330.959,334.005,1041.531,0,0
,,88,20.95212056,102.871434,0.00048996,0.04617966,1.001735,0.999998,5.483,0.0025,0,0,-1,331.047,334.014,1041.545,0,0
,,89,20.9526111,106.901025,0.00049148,0.04608072,0.998028,1.000043,5.483,0.0007,0,0,-1,330.984,334.052,1041.489,0,0
,,90,20.9524971,104.503899,0.00056942,0.04617344,0.997915,0.999846,5.483,0.0038,0,0,-1,331.019,334.015,1041.516,0,0
,,91,20.95228349,107.923053,0.00057324,0.04626109,0.993383,0.999668,5.483,-0.0004,0,0,-1,331.027,334.084,1041.444,0,0
,,92,20.95163182,108.552067,0.00057074,0.04622321,0.997122,0.999652,5.483,0.0008,0,0,-1,330.979,334.022,1041.432,0,0
,,93,20.95142896,111.162933,0.00057886,0.04623296,0.999208,0.999849,5.483,0.0005,0,0,-1,331.02,334.031,1041.421,0,0
,,94,20.94998794,104.764243,0.00068215,0.04731394,0.998525,0.999913,5.483,-0.0021,0,0,-1,330.937,333.999,1041.465,0,0
,,95,20.95009527,105.077447,0.00068285,0.04728679,1.00014,0.999698,5.483,0.0002,0,0,-1,331.004,333.988,1041.482,0,0
,,96,20.95059834,104.404675,0.00068689,0.04734969,0.997201,0.999741,5.483,0,0,0,-1,330.964,334.016,1041.371,0,0
,,97,20.94997231,106.375017,0.00068307,0.04734743,0.995996,0.999747,5.483,0,0,0,-1,330.95,333.953,1041.488,0,0
,,98,20.95025262,110.711829,0.00068425,0.04726919,1.001871,1.000321,5.483,0.0004,0,0,-1,330.965,333.997,1041.49,0,0
,,99,20.95025825,106.355025,0.00057649,0.04730624,1.002992,1.00061,5.483,0.0005,0,0,-1,330.897,333.933,1041.507,0,0
,,100,20.95013248,107.672695,0.00057148,0.04727551,1.009502,1.000603,5.483,0.0018,0,0,-1,330.958,333.926,1041.609,0,0
,,101,20.95187987,106.337952,0.00057287,0.04732891,0.998038,1.00073,5.483,0.0012,0,0,-1,330.879,333.924,1041.712,0,0
,,102,20.95216694,106.959277,0.00057778,0.0473311,0.995396,1.000557,5.483,0.0001,0,0,-1,330.914,333.896,1041.793,0,0
,,103,20.95171839,109.685054,0.00068414,0.04726748,0.99611,1.000069,5.483,-0.0012,0,0,-1,330.891,333.933,1042.104,0,0
,,104,20.95054677,109.573211,0.00068142,0.04732663,0.998021,1.000089,5.483,0.0002,0,0,-1,330.851,333.859,1042.276,0,0
,,105,20.94934398,110.56164,0.00057666,0.04741101,1.00135,1.000634,5.483,0.0003,0,0,-1,330.903,333.877,1042.529,0,0
,,106,20.95055139,107.104525,0.00057516,0.04844159,0.997338,1.000178,5.483,0.0008,0,0,-1,330.762,333.743,1042.789,0,0
,,107,20.9499711,108.008843,0.00057842,0.04841163,0.999741,1.000158,5.483,-0.0019,0,0,-1,330.701,333.609,1042.985,0,0
,,108,20.95161221,109.070528,0.00057356,0.04848581,0.997132,1.000144,5.483,-0.0003,0,0,-1,330.512,333.477,1043.16,0,0
,,109,20.95172705,108.175897,0.00049232,0.04846247,0.993705,1.000118,5.483,-0.0002,0,0,-1,330.423,333.281,1043.393,0,0
,,110,20.95231504,111.268464,0.00049092,0.04844943,0.998531,1.000239,5.483,0.0009,0,0,-1,330.309,333.191,1043.576,0,0
,,111,20.95122489,111.753923,0.00049051,0.0483754,1.002441,1.000078,5.483,-0.0008,0,0,-1,330.107,332.945,1043.673,0,0
,,112,20.94775781,109.878113,0.00049181,0.04925073,0.994571,1.000285,5.483,0.0028,0,0,-1,330.034,332.818,1043.777,0,0
,,113,20.94422784,106.206019,0.00057408,0.04929013,0.997237,1.000461,5.483,0.0017,0,0,-1,329.838,332.669,1043.778,0,0
,,114,20.9431495,112.275892,0.00048606,0.05040679,0.996857,1.000256,5.483,-0.0001,0,0,-1,329.857,332.57,1043.809,0,0
,,115,20.94358016,110.131277,0.00049052,0.05042919,0.999433,1.000113,5.483,-0.0017,0,0,-1,329.776,332.555,1043.76,0,0
,,116,20.94399532,104.736094,0.0004863,0.05124149,1.005314,1.000653,5.483,-0.001,0,0,-1,329.762,332.466,1043.703,0,0
,,117,20.94410301,107.323319,0.00057025,0.05116985,1.002525,1.000637,5.483,-0.0012,0,0,-1,329.787,332.526,1043.598,0,0
,,118,20.94541108,107.077017,0.00057315,0.05125592,0.998418,1.000125,5.483,-0.0019,0,0,-1,329.721,332.466,1043.489,0,0
,,119,20.94513331,103.413064,0.00049065,0.0512897,0.999541,1.00025,5.483,0.0007,0,0,-1,329.807,332.489,1043.354,0,0
,,120,20.94378663,110.440638,0.000491,0.05230647,0.999178,1.000172,5.483,0.0023,0,0,-1,329.762,332.542,1043.189,0,0
,,121,20.94196426,111.438844,0.00049271,0.05239339,1.004395,1.000221,5.483,-0.0002,0,0,-1,329.854,332.556,1043.055,0,0
,,122,20.93981854,108.915381,0.00057654,0.05232623,1.002808,1.000303,5.481452,0.0018,0,0,-1,329.914,332.694,1042.823,0,0
,,123,20.93894415,103.134308,0.00068522,0.05320942,0.999473,1.000634,5.384737,0.0029,0,0,-1,329.919,332.688,1042.671,0,0
,,124,20.93719322,106.383696,0.00069003,0.05321514,0.994937,1.000621,5.297656,0.0003,0,0,-1,330.019,332.79,1042.439,0,0
,,125,20.93690677,103.802392,0.00076841,0.05433852,0.996003,1.000369,5.25903,0.0019,0,0,-1,329.992,332.809,1042.153,0,0
,,126,20.93890055,107.789562,0.00076927,0.05439807,0.999282,1.000023,5.189493,0.0013,0,0,-1,330.093,332.854,1041.934,0,0
,,127,20.93975884,102.299825,0.00077148,0.05431564,0.984449,1.000189,5.063584,-0.0019,0,0,-1,330.083,332.944,1041.729,0,0
,,128,20.93993207,102.368578,0.00077168,0.05438727,0.936722,1.000424,5.014895,-0.0001,0,0,-1,330.174,333.115,1041.795,0,0
,,129,20.94109724,85.468123,0.0007698,0.05428082,0.941033,1.000287,4.792773,0.0019,0,0,-1,331.114,334.467,1041.882,0,0
,,130,20.94164903,80.775945,0.00077238,0.05318973,0.94741,0.999595,4.486497,-0.0003,0,0,-1,332.71,336.387,1041.872,0,0
,,131,20.94049916,80.65276,0.00076897,0.05321678,0.937191,0.999419,4.236261,-0.0012,0,0,-1,334.415,338.445,1041.855,0,0
,,132,20.92470643,85.132075,0.00076931,0.05317424,0.934106,0.998931,3.986923,0.0008,0,0,-1,335.797,340.36,1041.731,0,0
,,133,20.90959357,83.877934,0.00088564,0.05319504,0.931057,0.998816,3.717974,-0.0006,0,0,-1,337.245,342.189,1041.679,0,0
,,134,20.88350527,89.453109,0.00100035,0.05450041,0.903417,0.999364,3.494226,-0.0029,0,0,-1,338.516,343.926,1041.634,0,0
,,135,20.78361666,87.874926,0.00139046,0.06535276,0.887129,0.999162,3.36751,0.002,0,0,-1,339.622,345.33,1041.648,0,0
,,136,20.50312642,87.14507,0.00217373,0.08912796,0.822259,0.999113,3.244091,0.0005,0,0,-1,340.666,346.711,1041.61,0,0
,,137,20.16956753,89.063929,0.0030755,0.11785588,0.870581,0.998917,3.032753,0.0003,0,0,-1,341.533,347.923,1041.575,0,0
,,138,20.02057564,89.105716,0.00390613,0.15004545,0.858985,0.999562,2.872259,0.0011,0,0,-1,342.303,348.875,1041.558,0,0
,,139,19.89388183,84.642514,0.00466684,0.20162825,0.880769,0.999497,2.737486,0.0018,0,0,-1,343.234,350.164,1041.452,0,0
,,140,19.85862695,91.306004,0.00528403,0.23348668,0.866878,0.999486,2.595542,0.0006,0,0,-1,343.981,351.04,1041.432,0,0
,,141,19.85288076,96.725725,0.00589438,0.2788819,0.86287,1.000197,2.348642,0.0002,0,0,-1,344.575,351.893,1041.464,0,0
,,142,19.8775408,92.534875,0.00637723,0.3270702,0.882224,1.000259,2.170255,0.003,0,0,-1,345.119,352.569,1041.54,0,0
,,143,19.90030071,92.12446,0.00690826,0.38520522,0.86471,1.000294,2.076281,0.0021,0,0,-1,345.681,353.251,1041.703,0,0
,,144,19.91669537,91.342136,0.00770201,0.43715011,0.893047,0.999895,1.905116,0.0011,0,0,-1,346.088,353.849,1042.065,0,0
,,145,19.94467757,93.237448,0.00866344,0.48279268,0.845381,0.999911,1.779574,-0.0014,0,0,-1,346.541,354.325,1042.431,0,0
,,146,19.98064956,92.321603,0.00928653,0.53372887,0.868235,0.999731,1.673086,-0.0001,0,0,-1,346.888,354.808,1042.617,0,0
,,147,20.02458767,96.287057,0.01010342,0.58606993,0.874753,0.99993,1.570698,0.0022,0,0,-1,347.15,355.079,1042.436,0,0
,,148,20.07036261,94.304481,0.01069142,0.63957846,0.876081,0.999885,1.417482,0.001,0,0,-1,347.397,355.424,1042.108,0,0
,,149,20.10587198,97.082384,0.01169739,0.70257026,0.864815,1.000174,1.314598,0.0007,0,0,-1,347.497,355.576,1041.822,0,0
,,150,20.13404319,95.382551,0.01239941,0.7565633,0.887514,1.000289,1.273814,0.0012,0,0,-1,347.761,355.817,1041.468,0,0
,,151,20.1547508,95.605814,0.01278599,0.78522665,0.889052,1.000858,1.199759,0.0024,0,0,-1,347.873,356.013,1041.143,0,0
,,152,20.1778499,100.158507,0.01330051,0.78947795,0.907867,1.001053,1.13866,0.0004,0,0,-1,348.053,356.084,1040.739,0,0
,,153,20.20441329,99.562175,0.01369489,0.77450156,0.921694,1.000681,0.990144,-0.0007,0,0,-1,348.076,356.198,1040.689,0,0
,,154,20.23392374,99.757859,0.01397911,0.75491821,0.923935,1.000557,0.866975,0.0016,0,0,-1,348.026,356.084,1040.684,0,0
,,155,20.28115511,102.4652,0.01418318,0.72532147,0.940903,1.000348,0.862482,0.0018,0,0,-1,348.001,356.015,1040.552,0,0
,,156,20.33019698,103.42019,0.01439706,0.7029068,0.94165,1.000213,0.909465,0.0027,0,0,-1,347.799,355.825,1040.296,0,0
,,157,20.36782208,100.22448,0.01458383,0.68319792,0.963306,1.000233,0.873528,0.0008,0,0,-1,347.753,355.638,1040.19,0,0
,,158,20.41088053,103.652648,0.01478827,0.65126518,0.979963,1.000369,0.779879,0.0018,0,0,-1,347.56,355.456,1040.303,0,0
,,159,20.46084544,100.996194,0.01489627,0.62126142,0.981226,1.000688,0.767652,-0.0001,0,0,-1,347.388,355.143,1040.365,0,0
,,160,20.50282919,103.402957,0.01489981,0.59547854,0.979083,1.00101,0.74605,0.0013,0,0,-1,347.18,354.877,1040.286,0,0
,,161,20.54916091,104.901735,0.01479395,0.56616716,0.974879,1.000735,0.756962,-0.0001,0,0,-1,346.86,354.483,1040.405,0,0
,,162,20.59549241,100.980329,0.01470012,0.53919153,0.978106,1.000633,0.843807,0.0018,0,0,-1,346.656,354.172,1040.669,0,0
,,163,20.63171841,107.747857,0.0146968,0.50540233,0.984909,1.000388,0.893312,-0.0013,0,0,-1,346.342,353.824,1040.639,0,0
,,164,20.66660959,105.779785,0.01470234,0.48118246,0.983357,1.000656,0.756146,-0.0026,0,0,-1,346.131,353.426,1040.983,0,0
,,165,20.69794003,101.616976,0.01470021,0.45606848,0.980777,1.000763,0.672623,0.0008,0,0,-1,345.808,353.099,1041.117,0,0
,,166,20.72508576,104.890327,0.01470947,0.42232675,0.976453,1.000988,0.714161,0.0002,0,0,-1,345.537,352.687,1041.117,0,0
,,167,20.74998371,103.369477,0.01477816,0.39914113,0.975636,1.000871,0.75398,0,0,0,-1,345.305,352.383,1041.265,0,0
,,168,20.77148571,103.681517,0.01489955,0.36823572,0.98322,1.00089,0.751673,0.0003,0,0,-1,344.925,351.964,1041.396,0,0
,,169,20.78929561,103.951199,0.01517523,0.33815515,0.982522,1.000393,0.729844,0.0027,0,0,-1,344.744,351.61,1041.503,0,0
,,170,20.80719866,111.257287,0.01540634,0.30963682,0.98361,1.000764,0.69852,0.0002,0,0,-1,344.443,351.308,1041.598,0,0
,,171,20.81936828,105.802202,0.01579377,0.28092227,0.978884,1.000793,0.650694,0.0004,0,0,-1,344.267,350.986,1041.691,0,0
,,172,20.83010012,105.796617,0.0160759,0.2579359,0.970543,1.000567,0.623068,0.0034,0,0,-1,344.073,350.773,1041.716,0,0
,,173,20.83352837,106.687552,0.01630269,0.24218175,0.976336,1.000087,0.639236,-0.0002,0,0,-1,343.818,350.422,1041.753,0,0
,,174,20.83999749,99.221251,0.01661194,0.22034127,0.982279,1.000593,0.563718,0.0003,0,0,-1,343.679,350.202,1041.738,0,0
,,175,20.84414232,102.887728,0.01689036,0.20261595,0.989735,1.000481,0.545109,0.0002,0,0,-1,343.41,349.923,1041.725,0,0
,,176,20.84700913,104.591097,0.01719782,0.18937428,0.977877,1.000462,0.572161,0.0013,0,0,-1,343.323,349.677,1041.749,0,0
,,177,20.84733482,108.682087,0.01762265,0.17950083,0.976163,1.000387,0.587094,-0.0003,0,0,-1,343.101,349.485,1041.657,0,0
,,178,20.84697782,104.202038,0.01789433,0.16844961,0.983202,1.000514,0.527025,0.0005,0,0,-1,342.936,349.219,1041.638,0,0
,,179,20.84715138,101.030723,0.01809766,0.1601523,0.985014,1.000546,0.53201,0.0027,0,0,-1,342.811,349.048,1041.591,0,0
,,180,20.84812508,103.543939,0.01848543,0.15354085,0.988634,1.000818,0.532035,0,0,0,-1,342.552,348.717,1041.566,0,0
,,181,20.84994442,107.119648,0.01868336,0.14745944,0.984896,1.000749,0.467865,-0.0021,0,0,-1,342.399,348.463,1041.553,0,0
,,182,20.85201647,107.488531,0.01879346,0.14232022,0.974429,1.000712,0.441249,0.0001,0,0,-1,342.141,348.234,1041.486,0,0
,,183,20.85669651,105.969436,0.01868426,0.1372716,0.979779,1.000396,0.503136,-0.0019,0,0,-1,342.058,347.991,1041.44,0,0
,,184,20.8619628,104.356937,0.01848682,0.13411862,0.981772,1.000366,0.516863,0.0001,0,0,-1,341.861,347.831,1041.379,0,0
,,185,20.8619772,104.907523,0.01831982,0.13141852,0.983202,1.00083,0.435827,-0.0003,0,0,-1,341.69,347.557,1041.369,0,0
,,186,20.86330578,102.522788,0.01801404,0.12940412,0.987654,1.000427,0.393381,-0.0004,0,0,-1,341.6,347.393,1041.347,0,0
,,187,20.86535108,103.491427,0.01770325,0.1271115,0.981258,1.000366,0.43194,0.001,0,0,-1,341.375,347.143,1041.33,0,0
,,188,20.86864859,107.393454,0.01731228,0.12541463,0.979586,1.000638,0.504213,0.0008,0,0,-1,341.284,346.94,1041.322,0,0
,,189,20.87004291,105.117345,0.01689197,0.12434519,0.980759,1.000495,0.572401,0.0014,0,0,-1,341.056,346.757,1041.28,0,0
,,190,20.8706185,107.685838,0.01669126,0.12351008,0.985536,0.999882,0.478318,-0.0001,0,0,-1,340.937,346.507,1041.303,0,0
,,191,20.8717164,109.187879,0.01638819,0.12133815,0.988354,1.000023,0.382242,0.0017,0,0,-1,340.842,346.407,1041.254,0,0
,,192,20.87285441,103.069542,0.01617998,0.12036898,0.987183,1.000075,0.404335,0.0004,0,0,-1,340.681,346.203,1041.289,0,0
,,193,20.87383912,100.459463,0.01568701,0.11872216,0.981931,1.000502,0.430078,0.0006,0,0,-1,340.661,346.096,1041.294,0,0
,,194,20.8744451,102.182933,0.01526144,0.11703868,0.984032,1.000478,0.455466,-0.0017,0,0,-1,340.462,345.932,1041.281,0,0
,,195,20.87641433,101.980997,0.01485809,0.1156493,0.980651,1.000458,0.395018,-0.0012,0,0,-1,340.438,345.774,1041.325,0,0
,,196,20.87778367,104.365742,0.01451674,0.11346181,0.985415,1.000386,0.254052,0.0019,0,0,-1,340.301,345.671,1041.326,0,0
,,197,20.87902539,99.481493,0.0143574,0.11186189,0.985248,1.000115,0.268068,0.0014,0,0,-1,340.2,345.457,1041.384,0,0
,,198,20.87851068,111.009897,0.01393498,0.11081865,0.978531,1.000404,0.384733,0.0018,0,0,-1,340.14,345.389,1041.395,0,0
,,199,20.87923321,100.570416,0.01364628,0.10992363,0.983864,1.00077,0.367025,0.0032,0,0,-1,339.974,345.177,1041.444,0,0
,,200,20.88023197,104.968088,0.01339191,0.10887172,0.98066,1.000083,0.371891,-0.0036,0,0,-1,339.918,345.05,1041.464,0,0
,,201,20.88116474,107.370491,0.01322349,0.10780116,0.984179,1.000773,0.360307,-0.0013,0,0,-1,339.735,344.909,1041.462,0,0
,,202,20.88395713,106.953223,0.01291306,0.10674289,0.989579,1.000366,0.22322,-0.0011,0,0,-1,339.666,344.72,1041.523,0,0
,,203,20.88515785,103.977763,0.0126383,0.10637436,0.986648,1.000712,0.245959,0.0025,0,0,-1,339.573,344.643,1041.511,0,0
,,204,20.88564529,100.443547,0.01241864,0.10498701,0.985025,1.000385,0.351485,0.0019,0,0,-1,339.462,344.444,1041.529,0,0
,,205,20.88660513,104.684675,0.01221395,0.10367516,0.98252,0.999801,0.385827,-0.0024,0,0,-1,339.417,344.376,1041.561,0,0
,,206,20.88783264,108.554365,0.01200723,0.10332183,0.983103,0.99989,0.342873,0.0002,0,0,-1,339.242,344.195,1041.566,0,0
,,207,20.88954457,103.779505,0.01180588,0.10249978,0.991077,0.999855,0.328473,0.0012,0,0,-1,339.176,344.018,1041.513,0,0
,,208,20.89004766,106.6196,0.01152283,0.10137994,0.989581,0.999592,0.29098,0.0011,0,0,-1,338.997,343.86,1041.499,0,0
,,209,20.88987245,105.926809,0.01132256,0.10131226,0.990328,1.000294,0.28638,0.0001,0,0,-1,338.857,343.622,1041.612,0,0
,,210,20.89105362,106.708892,0.01128484,0.1004897,0.987338,1.000172,0.328459,0.0018,0,0,-1,338.773,343.559,1041.501,0,0
,,211,20.891619,103.813493,0.01101945,0.09942067,0.981882,0.9996,0.358985,0.0013,0,0,-1,338.644,343.373,1041.595,0,0
,,212,20.89274632,103.466236,0.01089525,0.09842355,0.986638,0.999933,0.35381,-0.0011,0,0,-1,338.637,343.3,1041.587,0,0
,,213,20.89273758,105.0038,0.01070104,0.09746107,0.986984,0.999848,0.332186,0.0024,0,0,-1,338.476,343.158,1041.563,0,0
,,214,20.89466088,104.71251,0.01040343,0.09746303,0.988382,0.99949,0.274572,0.0015,0,0,-1,338.442,343.015,1041.574,0,0
,,215,20.89552395,101.342794,0.01019857,0.09635053,0.989349,0.99967,0.248163,0,0,0,-1,338.336,342.95,1041.532,0,0
,,216,20.89656413,105.565401,0.01010866,0.09526075,0.981648,0.999205,0.275603,0.0006,0,0,-1,338.241,342.758,1041.515,0,0
,,217,20.8957031,109.134201,0.00980782,0.09437053,0.983167,0.998432,0.324832,-0.0001,0,0,-1,338.199,342.694,1041.493,0,0
,,218,20.89705572,102.31013,0.00969209,0.09438871,0.983039,0.998442,0.314775,0.0014,0,0,-1,338.048,342.558,1041.461,0,0
,,219,20.89677955,104.325571,0.00957829,0.09352194,0.987453,0.999027,0.282917,0,0,0,-1,338.065,342.482,1041.452,0,0
,,220,20.8976635,104.40924,0.00950121,0.09343027,0.989242,0.999489,0.275955,-0.0002,0,0,-1,337.939,342.402,1041.532,0,0
,,221,20.89886461,101.316286,0.00931258,0.09235598,0.984669,0.999683,0.230733,0.0002,0,0,-1,337.922,342.281,1041.554,0,0
,,222,20.89916136,108.101395,0.00919181,0.09142403,0.983647,0.99986,0.192703,0.0017,0,0,-1,337.876,342.273,1041.535,0,0
,,223,20.89967246,106.874427,0.00910398,0.09132252,0.979525,0.999759,0.167968,0.0018,0,0,-1,337.762,342.102,1041.537,0,0
,,224,20.90099467,105.651662,0.0089912,0.09120682,0.980752,0.999732,0.152141,0.0002,0,0,-1,337.756,342.073,1041.531,0,0
,,225,20.90097209,98.029543,0.00890862,0.09080051,0.992407,0.999596,0.17244,0.0003,0,0,-1,337.62,341.96,1041.552,0,0
,,226,20.90136838,105.000001,0.00879256,0.09046078,0.987498,0.999553,0.209066,0.0006,0,0,-1,337.626,341.861,1041.589,0,0
,,227,20.90104859,99.07232,0.00868585,0.08882248,0.986276,0.998778,0.241397,-0.0003,0,0,-1,337.552,341.848,1041.396,0,0
,,228,20.90099703,105.364886,0.0086804,0.08983389,0.987169,0.998757,0.166614,0.0009,0,0,-1,337.549,341.747,1041.176,0,0
,,229,20.90190037,105.793877,0.00859197,0.08867598,0.97938,0.998681,0.137133,0.0006,0,0,-1,337.515,341.753,1041.18,0,0
,,230,20.90158104,101.913009,0.00850758,0.08870043,0.987374,0.998644,0.18109,0.0014,0,0,-1,337.405,341.601,1041.214,0,0
,,231,20.90384352,105.344595,0.00840219,0.08863862,0.987879,0.998517,0.191402,0.0021,0,0,-1,337.429,341.58,1041.471,0,0
,,232,20.90627327,107.151568,0.00839758,0.08848666,0.985225,0.998714,0.21997,0.0024,0,0,-1,337.324,341.528,1041.456,0,0
,,233,20.90618919,107.999119,0.00828477,0.08724742,0.986552,0.998157,0.209541,0.0021,0,0,-1,337.341,341.418,1041.491,0,0
,,234,20.90537202,98.637523,0.00820102,0.08709689,0.981745,0.997551,0.153332,0.0003,0,0,-1,337.263,341.403,1041.505,0,0
,,235,20.90504983,104.302443,0.00819821,0.08600648,0.983047,0.997193,0.177142,0.0011,0,0,-1,337.189,341.265,1041.548,0,0
,,236,20.90573683,100.221267,0.00808868,0.0862203,0.985142,0.997433,0.223819,0.0002,0,0,-1,337.207,341.289,1041.541,0,0
,,237,20.90769598,104.900433,0.0080844,0.0860824,0.985424,0.997279,0.203115,0.0002,0,0,-1,337.117,341.226,1041.533,0,0
,,238,20.90811606,107.410629,0.00789066,0.08516405,0.989956,0.997163,0.14068,-0.0003,0,0,-1,337.179,341.204,1041.573,0,0
,,239,20.9082056,106.154247,0.00789378,0.08515012,0.980184,0.996946,0.122822,0.0002,0,0,-1,337.094,341.186,1041.573,0,0
,,240,20.90815804,105.111371,0.00780342,0.08424409,0.979689,0.99717,0.213489,-0.0009,0,0,-1,337.106,341.075,1041.611,0,0
,,241,20.9077765,100.056621,0.00768748,0.0843019,0.983838,0.996646,0.250895,0.0014,0,0,-1,337.07,341.106,1041.607,0,0
,,242,20.9082691,108.7993,0.00758507,0.0842502,0.985221,0.996672,0.198472,0.0039,0,0,-1,336.981,340.985,1041.612,0,0
,,243,20.9082427,98.541255,0.0074969,0.08426943,0.992928,0.996991,0.123884,0.0011,0,0,-1,336.978,340.933,1041.615,0,0
,,244,20.90836821,107.234787,0.00739053,0.08437981,0.986655,0.996625,0.115027,-0.0003,0,0,-1,336.85,340.861,1041.597,0,0
,,245,20.90798277,101.374368,0.00738578,0.08425857,0.982387,0.996265,0.124282,0.0006,0,0,-1,336.858,340.759,1041.617,0,0
,,246,20.91088155,107.050716,0.00719117,0.08346616,0.983896,0.996324,0.15918,0.0018,0,0,-1,336.785,340.748,1041.59,0,0
,,247,20.91270034,104.304823,0.00719077,0.08335532,0.981114,0.996278,0.171622,0.0001,0,0,-1,336.75,340.635,1041.597,0,0
,,248,20.91239645,102.168177,0.00719468,0.08351046,0.984992,0.995953,0.077991,0,0,0,-1,336.752,340.652,1041.581,0,0
,,249,20.91246987,104.290533,0.00708162,0.08233109,0.987588,0.996614,0.076952,0.0026,0,0,-1,336.634,340.551,1041.545,0,0
,,250,20.9129938,102.491885,0.00699656,0.08223183,0.981901,0.996931,0.072952,0.0002,0,0,-1,336.695,340.545,1041.56,0,0
,,251,20.9134088,100.724713,0.00690694,0.08227233,0.984558,0.996545,0.049169,-0.0002,0,0,-1,336.625,340.534,1041.532,0,0
,,252,20.91272824,108.35974,0.00668625,0.08231389,0.981297,0.996588,0.070309,0.0002,0,0,-1,336.642,340.477,1041.51,0,0
,,253,20.9123344,105.105612,0.00660213,0.08120344,0.985355,0.996819,0.093964,0.0007,0,0,-1,336.637,340.509,1041.494,0,0
,,254,20.91231246,107.567854,0.00659782,0.0812373,0.987963,0.997251,0.081172,-0.0012,0,0,-1,336.588,340.396,1041.482,0,0
,,255,20.91285513,110.158586,0.00660264,0.08109436,0.981274,0.997383,-0.010127,-0.0001,0,0,-1,336.563,340.372,1041.473,0,0
,,256,20.91236524,106.390925,0.00649191,0.08039181,0.980749,0.997319,-0.022665,-0.0026,0,0,-1,336.424,340.246,1041.481,0,0
,,257,20.91296981,103.214032,0.00637708,0.08037917,0.979062,0.997479,0.066221,0.0008,0,0,-1,336.435,340.164,1041.502,0,0
,,258,20.91513842,104.965919,0.00629311,0.07918244,0.980912,0.997627,0.120457,0,0,0,-1,336.334,340.141,1041.469,0,0
,,259,20.91520437,102.402102,0.00620466,0.07912744,0.986731,0.997755,0.060569,-0.0008,0,0,-1,336.325,340.022,1041.497,0,0
,,260,20.91583978,103.578426,0.0059854,0.07815331,0.983566,0.99759,0.032,0.0002,0,0,-1,336.323,340.063,1041.501,0,0
,,261,20.91575746,105.619745,0.0059901,0.07817679,0.981065,0.997497,0.031934,0.0002,0,0,-1,336.201,339.913,1041.582,0,0
,,262,20.91657545,110.965922,0.00590164,0.07732482,0.978711,0.99688,0.009751,-0.0007,0,0,-1,336.212,339.883,1041.599,0,0
,,263,20.91818081,106.112098,0.0057894,0.07730354,0.980795,0.99699,-0.021103,0.0004,0,0,-1,336.119,339.842,1041.591,0,0
,,264,20.91813353,105.604712,0.00567991,0.07644122,0.985782,0.996535,-0.02912,-0.0014,0,0,-1,336.176,339.799,1041.634,0,0
,,265,20.91831199,102.25892,0.00567691,0.07639537,0.983092,0.997103,-0.069499,0.0001,0,0,-1,336.138,339.84,1041.559,0,0
,,266,20.91652528,101.08929,0.00567737,0.07647719,0.983377,0.996985,-0.13958,0.0003,0,0,-1,336.111,339.747,1041.614,0,0
,,267,20.91759624,106.941784,0.00547754,0.07536473,0.984219,0.996602,-0.100678,0.0007,0,0,-1,336.113,339.76,1041.611,0,0
,,268,20.91677091,104.031487,0.00548009,0.0753992,0.978196,0.997031,-0.013206,-0.0001,0,0,-1,335.979,339.635,1041.625,0,0
,,269,20.91591064,103.255255,0.00539992,0.07529103,0.98492,0.996418,-0.054513,0.0002,0,0,-1,335.996,339.577,1041.65,0,0
,,270,20.91825927,99.357358,0.00528635,0.07529143,0.987101,0.997143,-0.103432,0.0013,0,0,-1,335.902,339.569,1041.668,0,0
,,271,20.92010388,106.53534,0.00528055,0.07450607,0.982524,0.997516,-0.006157,0.0024,0,0,-1,335.923,339.49,1041.7,0,0
,,272,20.91974489,105.279983,0.0052011,0.07444968,0.981663,0.996902,-0.032873,0.0013,0,0,-1,335.915,339.535,1041.687,0,0
,,273,20.92019764,103.994388,0.00508649,0.07451889,0.977687,0.997001,-0.110081,0.0007,0,0,-1,335.844,339.441,1041.696,0,0
,,274,20.91996714,109.68268,0.00508754,0.07334075,0.982477,0.996895,-0.052602,0.0008,0,0,-1,335.881,339.445,1041.653,0,0
,,275,20.92081185,101.649666,0.00508689,0.07332027,0.984474,0.996845,0.012624,0.0004,0,0,-1,335.801,339.407,1041.624,0,0
,,276,20.92085757,105.79805,0.0049771,0.07339673,0.985328,0.997493,-0.022579,-0.0003,0,0,-1,335.853,339.365,1041.612,0,0
,,277,20.92087497,100.815937,0.00489195,0.07331553,0.983603,0.997133,-0.115141,-0.0005,0,0,-1,335.763,339.36,1041.651,0,0
,,278,20.92235577,101.195212,0.00477883,0.07332751,0.977083,0.99735,-0.142809,-0.0005,0,0,-1,335.72,339.232,1041.614,0,0
,,279,20.92421311,106.39857,0.0047803,0.07213643,0.981146,0.99719,-0.124475,-0.0006,0,0,-1,335.726,339.261,1041.572,0,0
,,280,20.92444045,102.397476,0.00466787,0.07219986,0.98805,0.996655,-0.155678,0.0004,0,0,-1,335.635,339.185,1041.528,0,0
,,281,20.9243886,107.806689,0.00461252,0.07221395,0.984714,0.996395,-0.091145,-0.0006,0,0,-1,335.671,339.167,1041.509,0,0
,,282,20.92272514,104.617178,0.00461524,0.07142674,0.986617,0.996233,-0.007569,-0.0003,0,0,-1,335.607,339.17,1041.486,0,0
,,283,20.92458321,102.267656,0.00461074,0.07147392,0.983521,0.996,-0.043172,0.0006,0,0,-1,335.662,339.137,1041.475,0,0
,,284,20.92418928,104.058861,0.0045014,0.07148668,0.98086,0.995961,-0.085879,0.0002,0,0,-1,335.657,339.218,1041.457,0,0
,,285,20.92320795,102.50839,0.00438917,0.07140948,0.986364,0.99605,-0.05605,-0.0016,0,0,-1,335.662,339.174,1041.471,0,0
,,286,20.92299386,108.139813,0.00431193,0.07145323,0.98598,0.996063,-0.061167,0.0003,0,0,-1,335.742,339.244,1041.462,0,0
,,287,20.92294394,103.954365,0.00419432,0.07020596,0.983749,0.996121,-0.074157,0.0018,0,0,-1,335.686,339.229,1041.459,0,0
,,288,20.92401191,102.443079,0.00408364,0.07027433,0.982164,0.995779,-0.125729,0.0024,0,0,-1,335.769,339.236,1041.474,0,0
,,289,20.92398725,103.405038,0.00407814,0.07024225,0.97607,0.995201,-0.096069,-0.0019,0,0,-1,335.71,339.268,1041.453,0,0
,,290,20.92437372,106.367858,0.00407888,0.06908774,0.981368,0.995208,-0.101277,0.0013,0,0,-1,335.738,339.226,1041.477,0,0
,,291,20.92487681,103.168341,0.00399663,0.06920146,0.98618,0.995343,-0.169992,0.0037,0,0,-1,335.758,339.293,1041.45,0,0
,,292,20.92664105,106.336779,0.00388347,0.06917774,0.984499,0.995652,-0.168211,0.0018,0,0,-1,335.686,339.185,1041.492,0,0
,,293,20.92645176,106.909314,0.00387849,0.06922556,0.982288,0.995693,-0.112072,0.0019,0,0,-1,335.71,339.179,1041.502,0,0
,,294,20.92652142,108.909249,0.00387928,0.06909422,0.978367,0.995638,-0.136181,0.0036,0,0,-1,335.579,339.116,1041.5,0,0
,,295,20.92653591,103.098765,0.00388716,0.06913331,0.984106,0.995796,-0.165828,0.0004,0,0,-1,335.62,339.036,1041.55,0,0
,,296,20.92726896,107.680717,0.00388029,0.06912536,0.986358,0.996082,-0.14657,0.002,0,0,-1,335.547,339.06,1041.542,0,0
,,297,20.9270973,106.579047,0.00388367,0.06878666,0.98589,0.996081,-0.115883,0.0008,0,0,-1,335.532,338.966,1041.588,0,0
,,298,20.92713259,106.19457,0.00386536,0.06845401,0.984422,0.99595,-0.087553,0,0,0,-1,335.56,339.018,1041.587,0,0
,,299,20.92814071,104.883914,0.00379857,0.06839006,0.978011,0.996298,-0.142847,0,0,0,-1,335.491,338.969,1041.583,0,0
,,300,20.92960565,108.085281,0.00380086,0.06785935,0.979127,0.996515,-0.199005,0.0006,0,0,-1,335.581,338.983,1041.595,0,0
,,301,20.93083463,104.212323,0.00379749,0.06748983,0.98645,0.996038,-0.200553,0.0003,0,0,-1,335.492,338.975,1041.552,0,0
,,302,20.93032856,103.038233,0.00380072,0.06751165,0.984786,0.996316,-0.250427,0.0001,0,0,-1,335.516,338.907,1041.593,0,0
,,303,20.92917385,106.513807,0.00380158,0.0674486,0.987587,0.996521,-0.276649,0.0013,0,0,-1,335.499,338.97,1041.568,0,0
,,304,20.92887429,104.880455,0.00380009,0.06749376,0.974996,0.99611,-0.206803,0.0013,0,0,-1,335.47,338.894,1041.574,0,0
,,305,20.92968979,104.638492,0.00379732,0.06747216,0.978416,0.995978,-0.179345,0.0026,0,0,-1,335.504,338.944,1041.546,0,0
,,306,20.93046544,107.995761,0.00383685,0.06671059,0.989158,0.995473,-0.207857,0.0004,0,0,-1,335.432,338.909,1041.542,0,0
,,307,20.93099337,106.477374,0.00388149,0.0663477,0.985076,0.995355,-0.136558,0.0038,0,0,-1,335.474,338.865,1041.565,0,0
,,308,20.93076965,106.731847,0.00384058,0.06639268,0.985582,0.995501,-0.082515,0.0045,0,0,-1,335.399,338.85,1041.535,0,0
,,309,20.93192484,105.251537,0.00379872,0.06609463,0.981793,0.995071,-0.122205,0.0018,0,0,-1,335.362,338.74,1041.552,0,0
,,310,20.93192923,104.271341,0.00372729,0.06516504,0.97715,0.994871,-0.190145,0.0001,0,0,-1,335.35,338.774,1041.521,0,0
,,311,20.93204807,105.770623,0.0036332,0.06496535,0.983735,0.995095,-0.21442,-0.0006,0,0,-1,335.273,338.678,1041.534,0,0
,,312,20.93266665,104.524791,0.00360203,0.06444496,0.985973,0.995206,-0.249241,0.0027,0,0,-1,335.319,338.677,1041.525,0,0
,,313,20.93270736,104.888187,0.00360393,0.06441054,0.985839,0.995347,-0.268094,0.0011,0,0,-1,335.213,338.652,1041.509,0,0
,,314,20.93410498,104.065088,0.00360032,0.06345236,0.988103,0.995397,-0.21457,-0.0005,0,0,-1,335.292,338.633,1041.547,0,0
,,315,20.93286962,101.612117,0.00350189,0.06324581,0.979543,0.995361,-0.108208,0.0005,0,0,-1,335.287,338.701,1041.439,0,0
,,316,20.93258452,104.205268,0.00349041,0.06334884,0.984463,0.995696,-0.131193,0.0032,0,0,-1,335.287,338.649,1041.477,0,0
,,317,20.93272724,104.539419,0.00340938,0.06325885,0.987496,0.995483,-0.146024,0.0004,0,0,-1,335.346,338.715,1041.464,0,0
,,318,20.93261739,109.383292,0.00329565,0.06330376,0.987456,0.995237,-0.154177,-0.0008,0,0,-1,335.251,338.663,1041.488,0,0
,,319,20.93213006,107.713597,0.00319142,0.06228349,0.984729,0.995026,-0.176,-0.0004,0,0,-1,335.323,338.644,1041.576,0,0
,,320,20.93240137,102.413474,0.00318512,0.06214887,0.981522,0.994661,-0.175963,-0.0002,0,0,-1,335.229,338.631,1041.581,0,0
,,321,20.93248416,104.131741,0.00317869,0.06212842,0.984163,0.994324,-0.158054,0.0002,0,0,-1,335.224,338.558,1041.619,0,0
,,322,20.93278256,105.03747,0.00307656,0.06218953,0.98473,0.994664,-0.161821,0.0024,0,0,-1,335.248,338.634,1041.587,0,0
,,323,20.93278425,107.94574,0.00298769,0.0621866,0.985961,0.994586,-0.224049,0.0019,0,0,-1,335.216,338.577,1041.618,0,0
,,324,20.93260345,101.75468,0.00290857,0.06215182,0.986868,0.994741,-0.225898,0.0016,0,0,-1,335.291,338.628,1041.62,0,0
,,325,20.93294167,101.354822,0.00279831,0.06219392,0.981998,0.995258,-0.188003,-0.0001,0,0,-1,335.216,338.635,1041.605,0,0
,,326,20.93271709,104.710456,0.00279029,0.06208071,0.980146,0.995097,-0.188976,-0.0003,0,0,-1,335.287,338.635,1041.63,0,0
,,327,20.9335557,106.90754,0.00278945,0.06133032,0.982907,0.994959,-0.185961,0.0007,0,0,-1,335.267,338.683,1041.582,0,0
,,328,20.93416817,101.562963,0.00289676,0.06130961,0.981669,0.995301,-0.183108,0.0018,0,0,-1,335.285,338.644,1041.603,0,0
,,329,20.93420028,106.868143,0.00289879,0.06136028,0.989147,0.994957,-0.219035,0.0018,0,0,-1,335.337,338.74,1041.558,0,0
